Trending_Date,Rank,Video_ID,Title,Views,Likes,Comments,Engagement_Rate,Genre,Country,State,Video_Length_Seconds
2025-03-27,1,x9jlQ0_K5Zc,"MAD Square - Official Trailer | Narne Nithiin, Sangeeth Shobhan, Ram Nitin | Kalyan Shankar",2811431,114439,1378,0.0412,24,IN,Unknown,124
2025-03-27,2,LkKChCQnjB4,Bazooka - Official Trailer | Mammootty | Gautham Vasudev Menon | Deeno Dennis,3027698,108223,6361,0.0378,1,IN,Unknown,153
2025-03-27,3,zvfzTyfLi3s,"Meem Se Mohabbat - Episode 29 [CC] 26th Mar 2025 - Sponsored By foodpanda, Master Paints, Skin White",9541738,303387,15104,0.0334,24,PK,Unknown,2029
2025-03-27,4,3pCDMXuurVM,Testing India's Most Expensive Luxury Train,3666218,205046,6866,0.0578,23,IN,Unknown,1314
2025-03-27,5,HZrYlXuecRg,Thudarum - Trailer | Mohanlal | Shobana | Tharun Moorthy | M Renjith,2552232,129721,6886,0.0535,24,IN,Unknown,118
2025-03-27,6,VHrXI_9IYnk,Malli Serial | Episode 329 Promo | 27th Mar 25 | Nikitha | Vijay | Saregama TV Shows Tamil,512561,9780,212,0.0195,24,IN,Unknown,56
2025-03-27,7,BAk5ZCoTWY8,"SIKANDAR Official Trailer - Salman Khan, Rashmika | Sajid Nadiadwala | A.R. Murugadoss | 30th March",55750384,899933,74998,0.0175,24,IN,Unknown,218
2025-03-27,8,VZ8MhBeRFFQ,Mohanlal Roasting Me üòÇ - Irfan's View,3662750,170076,8421,0.0487,22,IN,Unknown,933
2025-03-27,9,4QuOs6EAUNc,Thudarum | Trailer Reaction | Mohanlal | Tharun Moorthy | M Renjith | Malayalam,344043,23592,708,0.0706,24,IN,Unknown,257
2025-03-27,10,Qqgign4dQlw,KESARI CHAPTER 2 - OFFICIAL TEASER | Akshay Kumar | R. Madhavan | Ananya | Karan S Tyagi | 18 April,22272954,307856,24173,0.0149,1,IN,Unknown,99
2025-03-27,11,Ir_vIB_VJG8,Try not to Laugh Challenge ( I laugh = I pay Rs 500 ),590043,43703,1290,0.0763,24,IN,Unknown,737
2025-03-27,12,crWVXlrd8yA,"Meem Se Mohabbat - Ep 30 Teaser - 26 Mar 25 - Sponsors foodpanda, Master Paints, Skin White  HUM TV",5311870,104480,1731,0.02,24,PK,Unknown,55
2025-03-27,13,7noiElC2MpE,JAAT Trailer | Sunny Deol | Randeep Hooda | Viineet Kumar Siingh | Gopichand Malineni | Thaman S,16061039,281741,28272,0.0193,24,IN,Unknown,173
2025-03-27,14,QIuDdVOdBBQ,Pandian Stores 2 | 26th to 28th March 2025 - Promo,2110269,35282,257,0.0168,24,IN,Unknown,45
2025-03-27,15,UWMzKXsY9A4,Final Destination Bloodlines | Official Trailer,10056436,147729,12771,0.016,1,US,Unknown,145
2025-03-27,1,x9jlQ0_K5Zc,"MAD Square - Official Trailer | Narne Nithiin, Sangeeth Shobhan, Ram Nitin | Kalyan Shankar",2845845,115143,1385,0.0409,24,IN,Unknown,124
2025-03-27,2,LkKChCQnjB4,Bazooka - Official Trailer | Mammootty | Gautham Vasudev Menon | Deeno Dennis,3062065,108977,6378,0.0377,1,IN,Unknown,153
2025-03-27,3,zvfzTyfLi3s,"Meem Se Mohabbat - Episode 29 [CC] 26th Mar 2025 - Sponsored By foodpanda, Master Paints, Skin White",9715635,307222,15219,0.0332,24,PK,Unknown,2029
2025-03-27,4,3pCDMXuurVM,Testing India's Most Expensive Luxury Train,3681077,205798,6886,0.0578,23,IN,Unknown,1314
2025-03-27,5,HZrYlXuecRg,Thudarum - Trailer | Mohanlal | Shobana | Tharun Moorthy | M Renjith,2563153,129949,6890,0.0534,24,IN,Unknown,118
2025-03-27,6,VHrXI_9IYnk,Malli Serial | Episode 329 Promo | 27th Mar 25 | Nikitha | Vijay | Saregama TV Shows Tamil,533214,9976,213,0.0191,24,IN,Unknown,56
2025-03-27,7,BAk5ZCoTWY8,"SIKANDAR Official Trailer - Salman Khan, Rashmika | Sajid Nadiadwala | A.R. Murugadoss | 30th March",55772885,900315,75031,0.0175,24,IN,Unknown,218
2025-03-27,8,VZ8MhBeRFFQ,Mohanlal Roasting Me üòÇ - Irfan's View,3669056,170282,8425,0.0487,22,IN,Unknown,933
2025-03-27,9,4QuOs6EAUNc,Thudarum | Trailer Reaction | Mohanlal | Tharun Moorthy | M Renjith | Malayalam,346722,23694,716,0.0704,24,IN,Unknown,257
2025-03-27,10,Qqgign4dQlw,KESARI CHAPTER 2 - OFFICIAL TEASER | Akshay Kumar | R. Madhavan | Ananya | Karan S Tyagi | 18 April,22309953,308036,24181,0.0149,1,IN,Unknown,99
2025-03-27,11,Ir_vIB_VJG8,Try not to Laugh Challenge ( I laugh = I pay Rs 500 ),597272,44178,1293,0.0761,24,IN,Unknown,737
2025-03-27,12,crWVXlrd8yA,"Meem Se Mohabbat - Ep 30 Teaser - 26 Mar 25 - Sponsors foodpanda, Master Paints, Skin White  HUM TV",5393495,105783,1742,0.0199,24,PK,Unknown,55
2025-03-27,13,7noiElC2MpE,JAAT Trailer | Sunny Deol | Randeep Hooda | Viineet Kumar Siingh | Gopichand Malineni | Thaman S,16074755,282200,28313,0.0193,24,IN,Unknown,173
2025-03-27,14,QIuDdVOdBBQ,Pandian Stores 2 | 26th to 28th March 2025 - Promo,2126671,35440,262,0.0168,24,IN,Unknown,45
2025-03-27,15,UWMzKXsY9A4,Final Destination Bloodlines | Official Trailer,10092880,148250,12815,0.016,1,US,Unknown,145
2025-03-27,1,LkKChCQnjB4,Bazooka - Official Trailer | Mammootty | Gautham Vasudev Menon | Deeno Dennis,3159485,111661,6458,0.0374,1,IN,Unknown,153
2025-03-27,2,x9jlQ0_K5Zc,"MAD Square - Official Trailer | Narne Nithiin, Sangeeth Shobhan, Ram Nitin | Kalyan Shankar",2931308,117024,1408,0.0404,24,IN,Unknown,124
2025-03-27,3,zvfzTyfLi3s,"Meem Se Mohabbat - Episode 29 [CC] 26th Mar 2025 - Sponsored By foodpanda, Master Paints, Skin White",10225311,318362,15533,0.0327,24,PK,Unknown,2029
2025-03-27,4,3pCDMXuurVM,Testing India's Most Expensive Luxury Train,3733599,208127,6951,0.0576,23,IN,Unknown,1314
2025-03-27,5,HZrYlXuecRg,Thudarum - Trailer | Mohanlal | Shobana | Tharun Moorthy | M Renjith,2593086,130527,6910,0.053,24,IN,Unknown,118
2025-03-27,6,VHrXI_9IYnk,Malli Serial | Episode 329 Promo | 27th Mar 25 | Nikitha | Vijay | Saregama TV Shows Tamil,592109,10483,220,0.0181,24,IN,Unknown,56
2025-03-27,7,BAk5ZCoTWY8,"SIKANDAR Official Trailer - Salman Khan, Rashmika | Sajid Nadiadwala | A.R. Murugadoss | 30th March",55834699,901523,75168,0.0175,24,IN,Unknown,218
2025-03-27,8,VZ8MhBeRFFQ,Mohanlal Roasting Me üòÇ - Irfan's View,3687752,170855,8434,0.0486,22,IN,Unknown,933
2025-03-27,9,4QuOs6EAUNc,Thudarum | Trailer Reaction | Mohanlal | Tharun Moorthy | M Renjith | Malayalam,354087,23861,727,0.0694,24,IN,Unknown,257
2025-03-27,10,Ir_vIB_VJG8,Try not to Laugh Challenge ( I laugh = I pay Rs 500 ),623407,45607,1316,0.0753,24,IN,Unknown,737
2025-03-27,11,Qqgign4dQlw,KESARI CHAPTER 2 - OFFICIAL TEASER | Akshay Kumar | R. Madhavan | Ananya | Karan S Tyagi | 18 April,22400170,308610,24208,0.0149,1,IN,Unknown,99
2025-03-27,12,crWVXlrd8yA,"Meem Se Mohabbat - Ep 30 Teaser - 26 Mar 25 - Sponsors foodpanda, Master Paints, Skin White  HUM TV",5633110,109315,1794,0.0197,24,PK,Unknown,55
2025-03-27,13,QIuDdVOdBBQ,Pandian Stores 2 | 26th to 28th March 2025 - Promo,2170843,35820,264,0.0166,24,IN,Unknown,45
2025-03-27,14,7noiElC2MpE,JAAT Trailer | Sunny Deol | Randeep Hooda | Viineet Kumar Siingh | Gopichand Malineni | Thaman S,16114787,283610,28415,0.0194,24,IN,Unknown,173
2025-03-27,15,UWMzKXsY9A4,Final Destination Bloodlines | Official Trailer,10187831,149723,12954,0.016,1,US,Unknown,145
2025-03-27,1,x9jlQ0_K5Zc,"MAD Square - Official Trailer | Narne Nithiin, Sangeeth Shobhan, Ram Nitin | Kalyan Shankar",2977602,118203,1416,0.0402,24,IN,Unknown,124
2025-03-27,2,zvfzTyfLi3s,"Meem Se Mohabbat - Episode 29 [CC] 26th Mar 2025 - Sponsored By foodpanda, Master Paints, Skin White",10539409,325557,15769,0.0324,24,PK,Unknown,2029
2025-03-27,3,LkKChCQnjB4,Bazooka - Official Trailer | Mammootty | Gautham Vasudev Menon | Deeno Dennis,3204170,113221,6616,0.0374,1,IN,Unknown,153
2025-03-27,4,HZrYlXuecRg,Thudarum - Trailer | Mohanlal | Shobana | Tharun Moorthy | M Renjith,2610519,130902,6914,0.0528,24,IN,Unknown,118
2025-03-27,5,3pCDMXuurVM,Testing India's Most Expensive Luxury Train,3771414,210103,7021,0.0576,23,IN,Unknown,1314
2025-03-27,6,VHrXI_9IYnk,Malli Serial | Episode 329 Promo | 27th Mar 25 | Nikitha | Vijay | Saregama TV Shows Tamil,623156,10795,222,0.0177,24,IN,Unknown,56
2025-03-27,7,BAk5ZCoTWY8,"SIKANDAR Official Trailer - Salman Khan, Rashmika | Sajid Nadiadwala | A.R. Murugadoss | 30th March",55872384,902398,75225,0.0175,24,IN,Unknown,218
2025-03-27,8,VZ8MhBeRFFQ,Mohanlal Roasting Me üòÇ - Irfan's View,3703564,171265,8446,0.0485,22,IN,Unknown,933
2025-03-27,9,4QuOs6EAUNc,Thudarum | Trailer Reaction | Mohanlal | Tharun Moorthy | M Renjith | Malayalam,358801,23944,729,0.0688,24,IN,Unknown,257
2025-03-27,10,Ir_vIB_VJG8,Try not to Laugh Challenge ( I laugh = I pay Rs 500 ),641991,46607,1347,0.0747,24,IN,Unknown,737
2025-03-27,11,Qqgign4dQlw,KESARI CHAPTER 2 - OFFICIAL TEASER | Akshay Kumar | R. Madhavan | Ananya | Karan S Tyagi | 18 April,22462978,308892,24222,0.0148,1,IN,Unknown,99
2025-03-27,12,crWVXlrd8yA,"Meem Se Mohabbat - Ep 30 Teaser - 26 Mar 25 - Sponsors foodpanda, Master Paints, Skin White  HUM TV",5782781,111798,1822,0.0196,24,PK,Unknown,55
2025-03-27,13,QIuDdVOdBBQ,Pandian Stores 2 | 26th to 28th March 2025 - Promo,2196289,36015,270,0.0165,24,IN,Unknown,45
2025-03-27,14,7noiElC2MpE,JAAT Trailer | Sunny Deol | Randeep Hooda | Viineet Kumar Siingh | Gopichand Malineni | Thaman S,16140060,284650,28544,0.0194,24,IN,Unknown,173
2025-03-27,15,UWMzKXsY9A4,Final Destination Bloodlines | Official Trailer,10240527,151127,13051,0.016,1,US,Unknown,145
2025-03-27,1,zvfzTyfLi3s,"Meem Se Mohabbat - Episode 29 [CC] 26th Mar 2025 - Sponsored By foodpanda, Master Paints, Skin White",11039876,335055,16083,0.0318,24,PK,Unknown,2029
2025-03-27,2,x9jlQ0_K5Zc,"MAD Square - Official Trailer | Narne Nithiin, Sangeeth Shobhan, Ram Nitin | Kalyan Shankar",3050895,119711,1426,0.0397,24,IN,Unknown,124
2025-03-27,3,LkKChCQnjB4,Bazooka - Official Trailer | Mammootty | Gautham Vasudev Menon | Deeno Dennis,3328004,114908,6674,0.0365,1,IN,Unknown,153
2025-03-27,4,3pCDMXuurVM,Testing India's Most Expensive Luxury Train,3837906,213459,7114,0.0575,23,IN,Unknown,1314
2025-03-27,5,HZrYlXuecRg,Thudarum - Trailer | Mohanlal | Shobana | Tharun Moorthy | M Renjith,2633567,131402,6928,0.0525,24,IN,Unknown,118
2025-03-27,6,VHrXI_9IYnk,Malli Serial | Episode 329 Promo | 27th Mar 25 | Nikitha | Vijay | Saregama TV Shows Tamil,666009,11174,230,0.0171,24,IN,Unknown,56
2025-03-27,7,BAk5ZCoTWY8,"SIKANDAR Official Trailer - Salman Khan, Rashmika | Sajid Nadiadwala | A.R. Murugadoss | 30th March",55935547,903471,75306,0.0175,24,IN,Unknown,218
2025-03-27,8,VZ8MhBeRFFQ,Mohanlal Roasting Me üòÇ - Irfan's View,3725030,171901,8464,0.0484,22,IN,Unknown,933
2025-03-27,9,4QuOs6EAUNc,Thudarum | Trailer Reaction | Mohanlal | Tharun Moorthy | M Renjith | Malayalam,363599,24022,732,0.0681,24,IN,Unknown,257
2025-03-27,10,Ir_vIB_VJG8,Try not to Laugh Challenge ( I laugh = I pay Rs 500 ),672111,48080,1369,0.0736,24,IN,Unknown,737
2025-03-27,11,aZXBFirj6b4,Avengers: Doomsday | Now in Production,4564945,313311,20925,0.0732,24,US,Unknown,108
2025-03-27,12,crWVXlrd8yA,"Meem Se Mohabbat - Ep 30 Teaser - 26 Mar 25 - Sponsors foodpanda, Master Paints, Skin White  HUM TV",6008629,115042,1848,0.0195,24,PK,Unknown,55
2025-03-27,13,Qqgign4dQlw,KESARI CHAPTER 2 - OFFICIAL TEASER | Akshay Kumar | R. Madhavan | Ananya | Karan S Tyagi | 18 April,22548574,309329,24240,0.0148,1,IN,Unknown,99
2025-03-27,14,7noiElC2MpE,JAAT Trailer | Sunny Deol | Randeep Hooda | Viineet Kumar Siingh | Gopichand Malineni | Thaman S,16180820,285998,28637,0.0194,24,IN,Unknown,173
2025-03-27,15,n7k2JgYRclg,EMPURAAN MOVIE REVIEW KERALA | MOVIE EMPURAAN | EMPURAAN MOVIE THEATRE RESPONSE |FIRST HALF REVIEW,170997,2257,364,0.0153,24,Unknown,Unknown,114
2025-03-27,1,zvfzTyfLi3s,"Meem Se Mohabbat - Episode 29 [CC] 26th Mar 2025 - Sponsored By foodpanda, Master Paints, Skin White",11518261,342281,16336,0.0311,24,PK,Unknown,2029
2025-03-27,2,x9jlQ0_K5Zc,"MAD Square - Official Trailer | Narne Nithiin, Sangeeth Shobhan, Ram Nitin | Kalyan Shankar",3114998,120804,1433,0.0392,24,IN,Unknown,124
2025-03-27,3,LkKChCQnjB4,Bazooka - Official Trailer | Mammootty | Gautham Vasudev Menon | Deeno Dennis,3477036,116324,6730,0.0354,1,IN,Unknown,153
2025-03-27,4,3pCDMXuurVM,Testing India's Most Expensive Luxury Train,3912742,216390,7168,0.0571,23,IN,Unknown,1314
2025-03-27,5,HZrYlXuecRg,Thudarum - Trailer | Mohanlal | Shobana | Tharun Moorthy | M Renjith,2651819,131748,6935,0.0523,24,IN,Unknown,118
2025-03-27,6,VHrXI_9IYnk,Malli Serial | Episode 329 Promo | 27th Mar 25 | Nikitha | Vijay | Saregama TV Shows Tamil,700504,11442,235,0.0167,24,IN,Unknown,56
2025-03-27,7,BAk5ZCoTWY8,"SIKANDAR Official Trailer - Salman Khan, Rashmika | Sajid Nadiadwala | A.R. Murugadoss | 30th March",55995782,904420,75386,0.0175,24,IN,Unknown,218
2025-03-27,8,VZ8MhBeRFFQ,Mohanlal Roasting Me üòÇ - Irfan's View,3745110,172446,8474,0.0483,22,IN,Unknown,933
2025-03-27,9,4QuOs6EAUNc,Thudarum | Trailer Reaction | Mohanlal | Tharun Moorthy | M Renjith | Malayalam,366152,24071,732,0.0677,24,IN,Unknown,257
2025-03-27,10,Ir_vIB_VJG8,Try not to Laugh Challenge ( I laugh = I pay Rs 500 ),701174,49216,1381,0.0722,24,IN,Unknown,737
2025-03-27,11,aZXBFirj6b4,Avengers: Doomsday | Now in Production,4871346,322423,21417,0.0706,24,US,Unknown,108
2025-03-27,12,crWVXlrd8yA,"Meem Se Mohabbat - Ep 30 Teaser - 26 Mar 25 - Sponsors foodpanda, Master Paints, Skin White  HUM TV",6210400,117504,1868,0.0192,24,PK,Unknown,55
2025-03-27,13,Qqgign4dQlw,KESARI CHAPTER 2 - OFFICIAL TEASER | Akshay Kumar | R. Madhavan | Ananya | Karan S Tyagi | 18 April,22604908,309648,24250,0.0148,1,IN,Unknown,99
2025-03-27,14,7noiElC2MpE,JAAT Trailer | Sunny Deol | Randeep Hooda | Viineet Kumar Siingh | Gopichand Malineni | Thaman S,16220439,286902,28699,0.0195,24,IN,Unknown,173
2025-03-27,15,--16EpBdvIU,First Time Manisha Ka Makeover üò± | Bharti Singh | Haarsh Limbachiyaa | Golla,992290,52303,2141,0.0549,24,IN,Unknown,993
2025-03-27,1,zvfzTyfLi3s,"Meem Se Mohabbat - Episode 29 [CC] 26th Mar 2025 - Sponsored By foodpanda, Master Paints, Skin White",11897739,348731,16595,0.0307,24,PK,Unknown,2029
2025-03-27,2,LkKChCQnjB4,Bazooka - Official Trailer | Mammootty | Gautham Vasudev Menon | Deeno Dennis,3638664,117751,6784,0.0342,1,IN,Unknown,153
2025-03-27,3,x9jlQ0_K5Zc,"MAD Square - Official Trailer | Narne Nithiin, Sangeeth Shobhan, Ram Nitin | Kalyan Shankar",3171641,121770,1447,0.0388,24,IN,Unknown,124
2025-03-27,4,3pCDMXuurVM,Testing India's Most Expensive Luxury Train,4004737,218887,7247,0.0565,23,IN,Unknown,1314
2025-03-27,5,HZrYlXuecRg,Thudarum - Trailer | Mohanlal | Shobana | Tharun Moorthy | M Renjith,2670507,132015,6941,0.052,24,IN,Unknown,118
2025-03-27,6,VHrXI_9IYnk,Malli Serial | Episode 329 Promo | 27th Mar 25 | Nikitha | Vijay | Saregama TV Shows Tamil,731097,11672,236,0.0163,24,IN,Unknown,56
2025-03-27,7,ZbBVVhkzzGg,L2E EMPURAAN Review | EMPURAAN Theatre Response | Mohanlal | PrithviRaj | L2E | POP Premiere,526688,12116,1630,0.0261,22,IN,Unknown,551
2025-03-27,8,BAk5ZCoTWY8,"SIKANDAR Official Trailer - Salman Khan, Rashmika | Sajid Nadiadwala | A.R. Murugadoss | 30th March",56053218,905415,75480,0.0175,24,IN,Unknown,218
2025-03-27,9,VZ8MhBeRFFQ,Mohanlal Roasting Me üòÇ - Irfan's View,3765408,172903,8486,0.0482,22,IN,Unknown,933
2025-03-27,10,4QuOs6EAUNc,Thudarum | Trailer Reaction | Mohanlal | Tharun Moorthy | M Renjith | Malayalam,367925,24093,732,0.0675,24,IN,Unknown,257
2025-03-27,11,jl4Uzo6Q5YM,L2E EMPURAAN Review | Live Theatre Response | Mohanlal | Prithviraj | POP Premiere,271040,5908,326,0.023,22,IN,Unknown,1291
2025-03-27,12,2dowMdSAtxM,‡¥∏‡¥ø‡¥®‡¥ø‡¥Æ ‡¥ï‡¥£‡µç‡¥ü‡¥ø‡¥±‡¥ô‡µç‡¥ô‡¥ø‡¥Ø‡¥™‡µç‡¥™‡µã‡µæ ‡¥™‡µä‡¥ü‡µç‡¥ü‡¥ø ‡¥ï‡¥∞‡¥û‡µç‡¥û‡µç ‡¥™‡µç‡¥∞‡¥ø‡¥§‡µç‡¥µ‡¥ø‡¥∞‡¥æ‡¥ú‡¥ø‡¥®‡µç‡¥±‡µÜ ‡¥Ö‡¥Æ‡µç‡¥Æ ‡¥Æ‡¥≤‡µç‡¥≤‡¥ø‡¥ïüò≠ | Empuraan Movie Celibrity Review,135418,2217,136,0.0174,22,IN,Unknown,194
2025-03-27,13,Ir_vIB_VJG8,Try not to Laugh Challenge ( I laugh = I pay Rs 500 ),730854,50203,1398,0.0706,24,IN,Unknown,737
2025-03-27,14,aZXBFirj6b4,Avengers: Doomsday | Now in Production,5087280,330893,21810,0.0693,24,US,Unknown,108
2025-03-27,15,crWVXlrd8yA,"Meem Se Mohabbat - Ep 30 Teaser - 26 Mar 25 - Sponsors foodpanda, Master Paints, Skin White  HUM TV",6395594,119718,1895,0.019,24,PK,Unknown,55
2025-03-27,1,zvfzTyfLi3s,"Meem Se Mohabbat - Episode 29 [CC] 26th Mar 2025 - Sponsored By foodpanda, Master Paints, Skin White",12274523,350932,16796,0.03,24,PK,Unknown,2029
2025-03-27,2,jRf55yunWDA,L2: Empuraan | My Opinion | Mohanlal | Prithviraj Sukumaran | Malayalam,1412969,78119,4560,0.0585,24,IN,Unknown,520
2025-03-27,3,LkKChCQnjB4,Bazooka - Official Trailer | Mammootty | Gautham Vasudev Menon | Deeno Dennis,3801740,118706,6835,0.033,1,IN,Unknown,153
2025-03-27,4,x9jlQ0_K5Zc,"MAD Square - Official Trailer | Narne Nithiin, Sangeeth Shobhan, Ram Nitin | Kalyan Shankar",3221431,122095,1452,0.0384,24,IN,Unknown,124
2025-03-27,5,3pCDMXuurVM,Testing India's Most Expensive Luxury Train,4080691,220423,7303,0.0558,23,IN,Unknown,1314
2025-03-27,6,VHrXI_9IYnk,Malli Serial | Episode 329 Promo | 27th Mar 25 | Nikitha | Vijay | Saregama TV Shows Tamil,757314,11729,238,0.0158,24,IN,Unknown,56
2025-03-27,7,HZrYlXuecRg,Thudarum - Trailer | Mohanlal | Shobana | Tharun Moorthy | M Renjith,2687161,131708,6946,0.0516,24,IN,Unknown,118
2025-03-27,8,ZbBVVhkzzGg,L2E EMPURAAN Review | EMPURAAN Theatre Response | Mohanlal | PrithviRaj | L2E | POP Premiere,569645,12416,1683,0.0248,22,IN,Unknown,551
2025-03-27,9,BAk5ZCoTWY8,"SIKANDAR Official Trailer - Salman Khan, Rashmika | Sajid Nadiadwala | A.R. Murugadoss | 30th March",56108013,906155,75554,0.0175,24,IN,Unknown,218
2025-03-27,10,VZ8MhBeRFFQ,Mohanlal Roasting Me üòÇ - Irfan's View,3783609,173227,8493,0.048,22,IN,Unknown,933
2025-03-27,11,4QuOs6EAUNc,Thudarum | Trailer Reaction | Mohanlal | Tharun Moorthy | M Renjith | Malayalam,369519,24036,732,0.067,24,IN,Unknown,257
2025-03-27,12,2dowMdSAtxM,‡¥∏‡¥ø‡¥®‡¥ø‡¥Æ ‡¥ï‡¥£‡µç‡¥ü‡¥ø‡¥±‡¥ô‡µç‡¥ô‡¥ø‡¥Ø‡¥™‡µç‡¥™‡µã‡µæ ‡¥™‡µä‡¥ü‡µç‡¥ü‡¥ø ‡¥ï‡¥∞‡¥û‡µç‡¥û‡µç ‡¥™‡µç‡¥∞‡¥ø‡¥§‡µç‡¥µ‡¥ø‡¥∞‡¥æ‡¥ú‡¥ø‡¥®‡µç‡¥±‡µÜ ‡¥Ö‡¥Æ‡µç‡¥Æ ‡¥Æ‡¥≤‡µç‡¥≤‡¥ø‡¥ïüò≠ | Empuraan Movie Celibrity Review,165813,2383,145,0.0152,22,IN,Unknown,194
2025-03-27,13,aZXBFirj6b4,Avengers: Doomsday | Now in Production,5275494,336661,22210,0.068,24,US,Unknown,108
2025-03-27,14,Ir_vIB_VJG8,Try not to Laugh Challenge ( I laugh = I pay Rs 500 ),756448,50633,1410,0.0688,24,IN,Unknown,737
2025-03-27,15,jl4Uzo6Q5YM,L2E EMPURAAN Review | Live Theatre Response | Mohanlal | Prithviraj | POP Premiere,274494,5917,333,0.0228,22,IN,Unknown,1291
2025-03-27,1,zvfzTyfLi3s,"Meem Se Mohabbat - Episode 29 [CC] 26th Mar 2025 - Sponsored By foodpanda, Master Paints, Skin White",12827482,356746,17034,0.0291,24,PK,Unknown,2029
2025-03-27,2,jRf55yunWDA,L2: Empuraan | My Opinion | Mohanlal | Prithviraj Sukumaran | Malayalam,1629746,84516,4862,0.0548,24,IN,Unknown,520
2025-03-27,3,LkKChCQnjB4,Bazooka - Official Trailer | Mammootty | Gautham Vasudev Menon | Deeno Dennis,4042240,122543,6907,0.032,1,IN,Unknown,153
2025-03-27,4,x9jlQ0_K5Zc,"MAD Square - Official Trailer | Narne Nithiin, Sangeeth Shobhan, Ram Nitin | Kalyan Shankar",3286809,123628,1462,0.0381,24,IN,Unknown,124
2025-03-27,5,VHrXI_9IYnk,Malli Serial | Episode 329 Promo | 27th Mar 25 | Nikitha | Vijay | Saregama TV Shows Tamil,790105,12003,239,0.0155,24,IN,Unknown,56
2025-03-27,6,3pCDMXuurVM,Testing India's Most Expensive Luxury Train,4189127,223092,7359,0.055,23,IN,Unknown,1314
2025-03-27,7,HZrYlXuecRg,Thudarum - Trailer | Mohanlal | Shobana | Tharun Moorthy | M Renjith,2710565,132248,6954,0.0514,24,IN,Unknown,118
2025-03-27,8,ZbBVVhkzzGg,L2E EMPURAAN Review | EMPURAAN Theatre Response | Mohanlal | PrithviRaj | L2E | POP Premiere,615409,12941,1759,0.0239,22,IN,Unknown,551
2025-03-27,9,BAk5ZCoTWY8,"SIKANDAR Official Trailer - Salman Khan, Rashmika | Sajid Nadiadwala | A.R. Murugadoss | 30th March",56199049,907606,75648,0.0175,24,IN,Unknown,218
2025-03-27,10,VZ8MhBeRFFQ,Mohanlal Roasting Me üòÇ - Irfan's View,3811263,173937,8509,0.0479,22,IN,Unknown,933
2025-03-27,11,4QuOs6EAUNc,Thudarum | Trailer Reaction | Mohanlal | Tharun Moorthy | M Renjith | Malayalam,371493,24108,732,0.0669,24,IN,Unknown,257
2025-03-27,12,2dowMdSAtxM,‡¥∏‡¥ø‡¥®‡¥ø‡¥Æ ‡¥ï‡¥£‡µç‡¥ü‡¥ø‡¥±‡¥ô‡µç‡¥ô‡¥ø‡¥Ø‡¥™‡µç‡¥™‡µã‡µæ ‡¥™‡µä‡¥ü‡µç‡¥ü‡¥ø ‡¥ï‡¥∞‡¥û‡µç‡¥û‡µç ‡¥™‡µç‡¥∞‡¥ø‡¥§‡µç‡¥µ‡¥ø‡¥∞‡¥æ‡¥ú‡¥ø‡¥®‡µç‡¥±‡µÜ ‡¥Ö‡¥Æ‡µç‡¥Æ ‡¥Æ‡¥≤‡µç‡¥≤‡¥ø‡¥ïüò≠ | Empuraan Movie Celibrity Review,207334,2555,167,0.0131,22,IN,Unknown,194
2025-03-27,13,MpVFQGz6e7w,Avengers Doomsday Cast Reveal is Shocking!ü§Ø,275061,23412,1208,0.0895,24,IN,Unknown,821
2025-03-27,14,aZXBFirj6b4,Avengers: Doomsday | Now in Production,5547835,348159,22832,0.0669,24,US,Unknown,108
2025-03-27,15,Ir_vIB_VJG8,Try not to Laugh Challenge ( I laugh = I pay Rs 500 ),790756,51660,1432,0.0671,24,IN,Unknown,737
2025-03-27,1,jRf55yunWDA,L2: Empuraan | My Opinion | Mohanlal | Prithviraj Sukumaran | Malayalam,1721298,86877,5001,0.0534,24,IN,Unknown,520
2025-03-27,2,zvfzTyfLi3s,"Meem Se Mohabbat - Episode 29 [CC] 26th Mar 2025 - Sponsored By foodpanda, Master Paints, Skin White",13037985,359017,17107,0.0288,24,PK,Unknown,2029
2025-03-27,3,LkKChCQnjB4,Bazooka - Official Trailer | Mammootty | Gautham Vasudev Menon | Deeno Dennis,4141289,123498,6939,0.0315,1,IN,Unknown,153
2025-03-27,4,x9jlQ0_K5Zc,"MAD Square - Official Trailer | Narne Nithiin, Sangeeth Shobhan, Ram Nitin | Kalyan Shankar",3318418,124335,1472,0.0379,24,IN,Unknown,124
2025-03-27,5,VHrXI_9IYnk,Malli Serial | Episode 329 Promo | 27th Mar 25 | Nikitha | Vijay | Saregama TV Shows Tamil,802831,12135,239,0.0154,24,IN,Unknown,56
2025-03-27,6,HZrYlXuecRg,Thudarum - Trailer | Mohanlal | Shobana | Tharun Moorthy | M Renjith,2722823,132524,6960,0.0512,24,IN,Unknown,118
2025-03-27,7,3pCDMXuurVM,Testing India's Most Expensive Luxury Train,4233371,224315,7382,0.0547,23,IN,Unknown,1314
2025-03-27,8,ZbBVVhkzzGg,L2E EMPURAAN Review | EMPURAAN Theatre Response | Mohanlal | PrithviRaj | L2E | POP Premiere,636052,13126,1789,0.0234,22,IN,Unknown,551
2025-03-27,9,BAk5ZCoTWY8,"SIKANDAR Official Trailer - Salman Khan, Rashmika | Sajid Nadiadwala | A.R. Murugadoss | 30th March",56242400,908267,75687,0.0175,24,IN,Unknown,218
2025-03-27,10,VZ8MhBeRFFQ,Mohanlal Roasting Me üòÇ - Irfan's View,3824616,174246,8517,0.0478,22,IN,Unknown,933
2025-03-27,11,4QuOs6EAUNc,Thudarum | Trailer Reaction | Mohanlal | Tharun Moorthy | M Renjith | Malayalam,372528,24143,732,0.0668,24,IN,Unknown,257
2025-03-27,12,2dowMdSAtxM,‡¥∏‡¥ø‡¥®‡¥ø‡¥Æ ‡¥ï‡¥£‡µç‡¥ü‡¥ø‡¥±‡¥ô‡µç‡¥ô‡¥ø‡¥Ø‡¥™‡µç‡¥™‡µã‡µæ ‡¥™‡µä‡¥ü‡µç‡¥ü‡¥ø ‡¥ï‡¥∞‡¥û‡µç‡¥û‡µç ‡¥™‡µç‡¥∞‡¥ø‡¥§‡µç‡¥µ‡¥ø‡¥∞‡¥æ‡¥ú‡¥ø‡¥®‡µç‡¥±‡µÜ ‡¥Ö‡¥Æ‡µç‡¥Æ ‡¥Æ‡¥≤‡µç‡¥≤‡¥ø‡¥ïüò≠ | Empuraan Movie Celibrity Review,220985,2612,171,0.0126,22,IN,Unknown,194
2025-03-27,13,MpVFQGz6e7w,Avengers Doomsday Cast Reveal is Shocking!ü§Ø,296906,24485,1258,0.0867,24,IN,Unknown,821
2025-03-27,14,aZXBFirj6b4,Avengers: Doomsday | Now in Production,5678232,353095,23128,0.0663,24,US,Unknown,108
2025-03-27,15,Ir_vIB_VJG8,Try not to Laugh Challenge ( I laugh = I pay Rs 500 ),804802,52135,1435,0.0666,24,IN,Unknown,737
2025-03-27,1,jRf55yunWDA,L2: Empuraan | My Opinion | Mohanlal | Prithviraj Sukumaran | Malayalam,1807220,89626,5135,0.0524,24,IN,Unknown,520
2025-03-27,2,zvfzTyfLi3s,"Meem Se Mohabbat - Episode 29 [CC] 26th Mar 2025 - Sponsored By foodpanda, Master Paints, Skin White",13226425,362648,17214,0.0287,24,PK,Unknown,2029
2025-03-27,3,LkKChCQnjB4,Bazooka - Official Trailer | Mammootty | Gautham Vasudev Menon | Deeno Dennis,4249249,125903,6969,0.0313,1,IN,Unknown,153
2025-03-27,4,VHrXI_9IYnk,Malli Serial | Episode 329 Promo | 27th Mar 25 | Nikitha | Vijay | Saregama TV Shows Tamil,814981,12281,240,0.0154,24,IN,Unknown,56
2025-03-27,5,x9jlQ0_K5Zc,"MAD Square - Official Trailer | Narne Nithiin, Sangeeth Shobhan, Ram Nitin | Kalyan Shankar",3351963,124946,1478,0.0377,24,IN,Unknown,124
2025-03-27,6,HZrYlXuecRg,Thudarum - Trailer | Mohanlal | Shobana | Tharun Moorthy | M Renjith,2735792,132856,6967,0.0511,24,IN,Unknown,118
2025-03-27,7,3pCDMXuurVM,Testing India's Most Expensive Luxury Train,4277961,225867,7424,0.0545,23,IN,Unknown,1314
2025-03-27,8,ZbBVVhkzzGg,L2E EMPURAAN Review | EMPURAAN Theatre Response | Mohanlal | PrithviRaj | L2E | POP Premiere,655058,13316,1814,0.0231,22,IN,Unknown,551
2025-03-27,9,BAk5ZCoTWY8,"SIKANDAR Official Trailer - Salman Khan, Rashmika | Sajid Nadiadwala | A.R. Murugadoss | 30th March",56287012,909136,75733,0.0175,24,IN,Unknown,218
2025-03-27,10,VZ8MhBeRFFQ,Mohanlal Roasting Me üòÇ - Irfan's View,3837507,174637,8523,0.0477,22,IN,Unknown,933
2025-03-27,11,4QuOs6EAUNc,Thudarum | Trailer Reaction | Mohanlal | Tharun Moorthy | M Renjith | Malayalam,373496,24189,730,0.0667,24,IN,Unknown,257
2025-03-27,12,2dowMdSAtxM,‡¥∏‡¥ø‡¥®‡¥ø‡¥Æ ‡¥ï‡¥£‡µç‡¥ü‡¥ø‡¥±‡¥ô‡µç‡¥ô‡¥ø‡¥Ø‡¥™‡µç‡¥™‡µã‡µæ ‡¥™‡µä‡¥ü‡µç‡¥ü‡¥ø ‡¥ï‡¥∞‡¥û‡µç‡¥û‡µç ‡¥™‡µç‡¥∞‡¥ø‡¥§‡µç‡¥µ‡¥ø‡¥∞‡¥æ‡¥ú‡¥ø‡¥®‡µç‡¥±‡µÜ ‡¥Ö‡¥Æ‡µç‡¥Æ ‡¥Æ‡¥≤‡µç‡¥≤‡¥ø‡¥ïüò≠ | Empuraan Movie Celibrity Review,232626,2679,179,0.0123,22,IN,Unknown,194
2025-03-27,13,MpVFQGz6e7w,Avengers Doomsday Cast Reveal is Shocking!ü§Ø,317308,25640,1313,0.0849,24,IN,Unknown,821
2025-03-27,14,aZXBFirj6b4,Avengers: Doomsday | Now in Production,5814582,358609,23422,0.0657,24,US,Unknown,108
2025-03-27,15,Ir_vIB_VJG8,Try not to Laugh Challenge ( I laugh = I pay Rs 500 ),818959,52634,1444,0.066,24,IN,Unknown,737
2025-03-27,1,jRf55yunWDA,L2: Empuraan | My Opinion | Mohanlal | Prithviraj Sukumaran | Malayalam,1896528,92022,5265,0.0513,24,IN,Unknown,520
2025-03-27,2,zvfzTyfLi3s,"Meem Se Mohabbat - Episode 29 [CC] 26th Mar 2025 - Sponsored By foodpanda, Master Paints, Skin White",13435103,367890,17371,0.0287,24,PK,Unknown,2029
2025-03-27,3,LkKChCQnjB4,Bazooka - Official Trailer | Mammootty | Gautham Vasudev Menon | Deeno Dennis,4314451,126716,6993,0.031,1,IN,Unknown,153
2025-03-27,4,VHrXI_9IYnk,Malli Serial | Episode 329 Promo | 27th Mar 25 | Nikitha | Vijay | Saregama TV Shows Tamil,829946,12483,245,0.0153,24,IN,Unknown,56
2025-03-27,5,HZrYlXuecRg,Thudarum - Trailer | Mohanlal | Shobana | Tharun Moorthy | M Renjith,2751946,133275,6979,0.051,24,IN,Unknown,118
2025-03-27,6,3pCDMXuurVM,Testing India's Most Expensive Luxury Train,4328272,227676,7474,0.0543,23,IN,Unknown,1314
2025-03-27,7,x9jlQ0_K5Zc,"MAD Square - Official Trailer | Narne Nithiin, Sangeeth Shobhan, Ram Nitin | Kalyan Shankar",3395488,125727,1484,0.0375,24,IN,Unknown,124
2025-03-27,8,ZbBVVhkzzGg,L2E EMPURAAN Review | EMPURAAN Theatre Response | Mohanlal | PrithviRaj | L2E | POP Premiere,674493,13470,1835,0.0227,22,IN,Unknown,551
2025-03-27,9,BAk5ZCoTWY8,"SIKANDAR Official Trailer - Salman Khan, Rashmika | Sajid Nadiadwala | A.R. Murugadoss | 30th March",56341643,910081,75833,0.0175,24,IN,Unknown,218
2025-03-27,10,VZ8MhBeRFFQ,Mohanlal Roasting Me üòÇ - Irfan's View,3854182,175100,8533,0.0476,22,IN,Unknown,933
2025-03-27,11,4QuOs6EAUNc,Thudarum | Trailer Reaction | Mohanlal | Tharun Moorthy | M Renjith | Malayalam,374753,24228,731,0.0666,24,IN,Unknown,257
2025-03-27,12,2dowMdSAtxM,‡¥∏‡¥ø‡¥®‡¥ø‡¥Æ ‡¥ï‡¥£‡µç‡¥ü‡¥ø‡¥±‡¥ô‡µç‡¥ô‡¥ø‡¥Ø‡¥™‡µç‡¥™‡µã‡µæ ‡¥™‡µä‡¥ü‡µç‡¥ü‡¥ø ‡¥ï‡¥∞‡¥û‡µç‡¥û‡µç ‡¥™‡µç‡¥∞‡¥ø‡¥§‡µç‡¥µ‡¥ø‡¥∞‡¥æ‡¥ú‡¥ø‡¥®‡µç‡¥±‡µÜ ‡¥Ö‡¥Æ‡µç‡¥Æ ‡¥Æ‡¥≤‡µç‡¥≤‡¥ø‡¥ïüò≠ | Empuraan Movie Celibrity Review,244480,2757,190,0.0121,22,IN,Unknown,194
2025-03-27,13,MpVFQGz6e7w,Avengers Doomsday Cast Reveal is Shocking!ü§Ø,345004,26903,1349,0.0819,24,IN,Unknown,821
2025-03-27,14,aZXBFirj6b4,Avengers: Doomsday | Now in Production,5971577,364657,23745,0.065,24,US,Unknown,108
2025-03-27,15,Ir_vIB_VJG8,Try not to Laugh Challenge ( I laugh = I pay Rs 500 ),834754,53323,1464,0.0656,24,IN,Unknown,737
2025-03-27,1,jRf55yunWDA,L2: Empuraan | My Opinion | Mohanlal | Prithviraj Sukumaran | Malayalam,1981399,94214,5395,0.0503,24,IN,Unknown,520
2025-03-27,2,zvfzTyfLi3s,"Meem Se Mohabbat - Episode 29 [CC] 26th Mar 2025 - Sponsored By foodpanda, Master Paints, Skin White",13704722,373265,17563,0.0285,24,PK,Unknown,2029
2025-03-27,3,LkKChCQnjB4,Bazooka - Official Trailer | Mammootty | Gautham Vasudev Menon | Deeno Dennis,4360601,129478,7063,0.0313,1,IN,Unknown,153
2025-03-27,4,VHrXI_9IYnk,Malli Serial | Episode 329 Promo | 27th Mar 25 | Nikitha | Vijay | Saregama TV Shows Tamil,848235,12668,247,0.0152,24,IN,Unknown,56
2025-03-27,5,HZrYlXuecRg,Thudarum - Trailer | Mohanlal | Shobana | Tharun Moorthy | M Renjith,2770114,133741,6984,0.0508,24,IN,Unknown,118
2025-03-27,6,x9jlQ0_K5Zc,"MAD Square - Official Trailer | Narne Nithiin, Sangeeth Shobhan, Ram Nitin | Kalyan Shankar",3429646,126869,1500,0.0374,24,IN,Unknown,124
2025-03-27,7,3pCDMXuurVM,Testing India's Most Expensive Luxury Train,4383405,229828,7529,0.0541,23,IN,Unknown,1314
2025-03-27,8,ZbBVVhkzzGg,L2E EMPURAAN Review | EMPURAAN Theatre Response | Mohanlal | PrithviRaj | L2E | POP Premiere,691943,13605,1856,0.0223,22,IN,Unknown,551
2025-03-27,9,BAk5ZCoTWY8,"SIKANDAR Official Trailer - Salman Khan, Rashmika | Sajid Nadiadwala | A.R. Murugadoss | 30th March",56403565,911214,75926,0.0175,24,IN,Unknown,218
2025-03-27,10,VZ8MhBeRFFQ,Mohanlal Roasting Me üòÇ - Irfan's View,3870008,175626,8539,0.0476,22,IN,Unknown,933
2025-03-27,11,4QuOs6EAUNc,Thudarum | Trailer Reaction | Mohanlal | Tharun Moorthy | M Renjith | Malayalam,376164,24272,731,0.0665,24,IN,Unknown,257
2025-03-27,12,2dowMdSAtxM,‡¥∏‡¥ø‡¥®‡¥ø‡¥Æ ‡¥ï‡¥£‡µç‡¥ü‡¥ø‡¥±‡¥ô‡µç‡¥ô‡¥ø‡¥Ø‡¥™‡µç‡¥™‡µã‡µæ ‡¥™‡µä‡¥ü‡µç‡¥ü‡¥ø ‡¥ï‡¥∞‡¥û‡µç‡¥û‡µç ‡¥™‡µç‡¥∞‡¥ø‡¥§‡µç‡¥µ‡¥ø‡¥∞‡¥æ‡¥ú‡¥ø‡¥®‡µç‡¥±‡µÜ ‡¥Ö‡¥Æ‡µç‡¥Æ ‡¥Æ‡¥≤‡µç‡¥≤‡¥ø‡¥ïüò≠ | Empuraan Movie Celibrity Review,257874,2807,193,0.0116,22,IN,Unknown,194
2025-03-27,13,aZXBFirj6b4,Avengers: Doomsday | Now in Production,6120299,370671,24106,0.0645,24,US,Unknown,108
2025-03-27,14,MpVFQGz6e7w,Avengers Doomsday Cast Reveal is Shocking!ü§Ø,370479,28183,1397,0.0798,24,IN,Unknown,821
2025-03-27,15,Ir_vIB_VJG8,Try not to Laugh Challenge ( I laugh = I pay Rs 500 ),851788,54113,1479,0.0653,24,IN,Unknown,737
2025-03-27,1,jRf55yunWDA,L2: Empuraan | My Opinion | Mohanlal | Prithviraj Sukumaran | Malayalam,2035124,95594,5490,0.0497,24,IN,Unknown,520
2025-03-27,2,zvfzTyfLi3s,"Meem Se Mohabbat - Episode 29 [CC] 26th Mar 2025 - Sponsored By foodpanda, Master Paints, Skin White",13999507,376361,17639,0.0281,24,PK,Unknown,2029
2025-03-27,3,LkKChCQnjB4,Bazooka - Official Trailer | Mammootty | Gautham Vasudev Menon | Deeno Dennis,4421334,129745,7089,0.0309,1,IN,Unknown,153
2025-03-27,4,VHrXI_9IYnk,Malli Serial | Episode 329 Promo | 27th Mar 25 | Nikitha | Vijay | Saregama TV Shows Tamil,864130,12769,249,0.0151,24,IN,Unknown,56
2025-03-27,5,HZrYlXuecRg,Thudarum - Trailer | Mohanlal | Shobana | Tharun Moorthy | M Renjith,2787437,134121,6995,0.0506,24,IN,Unknown,118
2025-03-27,6,3pCDMXuurVM,Testing India's Most Expensive Luxury Train,4432665,231376,7560,0.0539,23,IN,Unknown,1314
2025-03-27,7,x9jlQ0_K5Zc,"MAD Square - Official Trailer | Narne Nithiin, Sangeeth Shobhan, Ram Nitin | Kalyan Shankar",3462157,127668,1507,0.0373,24,IN,Unknown,124
2025-03-27,8,ZbBVVhkzzGg,L2E EMPURAAN Review | EMPURAAN Theatre Response | Mohanlal | PrithviRaj | L2E | POP Premiere,702648,13684,1879,0.0221,22,IN,Unknown,551
2025-03-27,9,BAk5ZCoTWY8,"SIKANDAR Official Trailer - Salman Khan, Rashmika | Sajid Nadiadwala | A.R. Murugadoss | 30th March",56460133,912113,76017,0.0175,24,IN,Unknown,218
2025-03-27,10,VZ8MhBeRFFQ,Mohanlal Roasting Me üòÇ - Irfan's View,3883810,176065,8554,0.0475,22,IN,Unknown,933
2025-03-27,11,2dowMdSAtxM,‡¥∏‡¥ø‡¥®‡¥ø‡¥Æ ‡¥ï‡¥£‡µç‡¥ü‡¥ø‡¥±‡¥ô‡µç‡¥ô‡¥ø‡¥Ø‡¥™‡µç‡¥™‡µã‡µæ ‡¥™‡µä‡¥ü‡µç‡¥ü‡¥ø ‡¥ï‡¥∞‡¥û‡µç‡¥û‡µç ‡¥™‡µç‡¥∞‡¥ø‡¥§‡µç‡¥µ‡¥ø‡¥∞‡¥æ‡¥ú‡¥ø‡¥®‡µç‡¥±‡µÜ ‡¥Ö‡¥Æ‡µç‡¥Æ ‡¥Æ‡¥≤‡µç‡¥≤‡¥ø‡¥ïüò≠ | Empuraan Movie Celibrity Review,267242,2840,195,0.0114,22,IN,Unknown,194
2025-03-27,12,4QuOs6EAUNc,Thudarum | Trailer Reaction | Mohanlal | Tharun Moorthy | M Renjith | Malayalam,377405,24310,731,0.0664,24,IN,Unknown,257
2025-03-27,13,aZXBFirj6b4,Avengers: Doomsday | Now in Production,6245331,374828,24334,0.0639,24,US,Unknown,108
2025-03-27,14,MpVFQGz6e7w,Avengers Doomsday Cast Reveal is Shocking!ü§Ø,391756,29073,1437,0.0779,24,IN,Unknown,821
2025-03-27,15,fNvmfscOOOw,"Aai, Me ani Gudhi Padwa | Gharcha Karya | @ChitaleGroup | #bhadipa #Gudhipadwa",403633,23121,1822,0.0618,23,IN,Unknown,716
2025-03-27,1,jRf55yunWDA,L2: Empuraan | My Opinion | Mohanlal | Prithviraj Sukumaran | Malayalam,2101661,97089,5622,0.0489,24,IN,Unknown,520
2025-03-27,2,zvfzTyfLi3s,"Meem Se Mohabbat - Episode 29 [CC] 26th Mar 2025 - Sponsored By foodpanda, Master Paints, Skin White",14460568,380119,17732,0.0275,24,PK,Unknown,2029
2025-03-27,3,LkKChCQnjB4,Bazooka - Official Trailer | Mammootty | Gautham Vasudev Menon | Deeno Dennis,4468648,130676,7124,0.0308,1,IN,Unknown,153
2025-03-27,4,VHrXI_9IYnk,Malli Serial | Episode 329 Promo | 27th Mar 25 | Nikitha | Vijay | Saregama TV Shows Tamil,885798,12825,253,0.0148,24,IN,Unknown,56
2025-03-27,5,HZrYlXuecRg,Thudarum - Trailer | Mohanlal | Shobana | Tharun Moorthy | M Renjith,2813443,134497,7005,0.0503,24,IN,Unknown,118
2025-03-27,6,3pCDMXuurVM,Testing India's Most Expensive Luxury Train,4509793,233204,7599,0.0534,23,IN,Unknown,1314
2025-03-27,7,x9jlQ0_K5Zc,"MAD Square - Official Trailer | Narne Nithiin, Sangeeth Shobhan, Ram Nitin | Kalyan Shankar",3521761,128567,1517,0.0369,24,IN,Unknown,124
2025-03-27,8,ZbBVVhkzzGg,L2E EMPURAAN Review | EMPURAAN Theatre Response | Mohanlal | PrithviRaj | L2E | POP Premiere,717067,13780,1907,0.0219,22,IN,Unknown,551
2025-03-27,9,BAk5ZCoTWY8,"SIKANDAR Official Trailer - Salman Khan, Rashmika | Sajid Nadiadwala | A.R. Murugadoss | 30th March",56554467,913463,76109,0.0175,24,IN,Unknown,218
2025-03-27,10,VZ8MhBeRFFQ,Mohanlal Roasting Me üòÇ - Irfan's View,3905009,176611,8563,0.0474,22,IN,Unknown,933
2025-03-27,11,2dowMdSAtxM,‡¥∏‡¥ø‡¥®‡¥ø‡¥Æ ‡¥ï‡¥£‡µç‡¥ü‡¥ø‡¥±‡¥ô‡µç‡¥ô‡¥ø‡¥Ø‡¥™‡µç‡¥™‡µã‡µæ ‡¥™‡µä‡¥ü‡µç‡¥ü‡¥ø ‡¥ï‡¥∞‡¥û‡µç‡¥û‡µç ‡¥™‡µç‡¥∞‡¥ø‡¥§‡µç‡¥µ‡¥ø‡¥∞‡¥æ‡¥ú‡¥ø‡¥®‡µç‡¥±‡µÜ ‡¥Ö‡¥Æ‡µç‡¥Æ ‡¥Æ‡¥≤‡µç‡¥≤‡¥ø‡¥ïüò≠ | Empuraan Movie Celibrity Review,278157,2859,196,0.011,22,IN,Unknown,194
2025-03-27,12,4QuOs6EAUNc,Thudarum | Trailer Reaction | Mohanlal | Tharun Moorthy | M Renjith | Malayalam,379427,24357,731,0.0661,24,IN,Unknown,257
2025-03-27,13,MpVFQGz6e7w,Avengers Doomsday Cast Reveal is Shocking!ü§Ø,422050,30282,1485,0.0753,24,IN,Unknown,821
2025-03-27,14,aZXBFirj6b4,Avengers: Doomsday | Now in Production,6415317,380291,24673,0.0631,24,US,Unknown,108
2025-03-27,15,fNvmfscOOOw,"Aai, Me ani Gudhi Padwa | Gharcha Karya | @ChitaleGroup | #bhadipa #Gudhipadwa",424944,23879,1875,0.0606,23,IN,Unknown,716
2025-03-27,1,jRf55yunWDA,L2: Empuraan | My Opinion | Mohanlal | Prithviraj Sukumaran | Malayalam,2141747,97682,5685,0.0483,24,IN,Unknown,520
2025-03-27,2,zvfzTyfLi3s,"Meem Se Mohabbat - Episode 29 [CC] 26th Mar 2025 - Sponsored By foodpanda, Master Paints, Skin White",14677438,381829,17776,0.0272,24,PK,Unknown,2029
2025-03-27,3,LkKChCQnjB4,Bazooka - Official Trailer | Mammootty | Gautham Vasudev Menon | Deeno Dennis,4502899,131093,7143,0.0307,1,IN,Unknown,153
2025-03-27,4,VHrXI_9IYnk,Malli Serial | Episode 329 Promo | 27th Mar 25 | Nikitha | Vijay | Saregama TV Shows Tamil,900865,12834,253,0.0145,24,IN,Unknown,56
2025-03-27,5,HZrYlXuecRg,Thudarum - Trailer | Mohanlal | Shobana | Tharun Moorthy | M Renjith,2832580,134628,7011,0.05,24,IN,Unknown,118
2025-03-27,6,3pCDMXuurVM,Testing India's Most Expensive Luxury Train,4554289,233971,7623,0.053,23,IN,Unknown,1314
2025-03-27,7,x9jlQ0_K5Zc,"MAD Square - Official Trailer | Narne Nithiin, Sangeeth Shobhan, Ram Nitin | Kalyan Shankar",3558080,128850,1523,0.0366,24,IN,Unknown,124
2025-03-27,8,ZbBVVhkzzGg,L2E EMPURAAN Review | EMPURAAN Theatre Response | Mohanlal | PrithviRaj | L2E | POP Premiere,725948,13813,1916,0.0217,22,IN,Unknown,551
2025-03-27,9,BAk5ZCoTWY8,"SIKANDAR Official Trailer - Salman Khan, Rashmika | Sajid Nadiadwala | A.R. Murugadoss | 30th March",56619031,914067,76168,0.0175,24,IN,Unknown,218
2025-03-27,10,MpVFQGz6e7w,Avengers Doomsday Cast Reveal is Shocking!ü§Ø,440941,30805,1510,0.0733,24,IN,Unknown,821
2025-03-27,11,VZ8MhBeRFFQ,Mohanlal Roasting Me üòÇ - Irfan's View,3920526,176905,8571,0.0473,22,IN,Unknown,933
2025-03-27,12,2dowMdSAtxM,‡¥∏‡¥ø‡¥®‡¥ø‡¥Æ ‡¥ï‡¥£‡µç‡¥ü‡¥ø‡¥±‡¥ô‡µç‡¥ô‡¥ø‡¥Ø‡¥™‡µç‡¥™‡µã‡µæ ‡¥™‡µä‡¥ü‡µç‡¥ü‡¥ø ‡¥ï‡¥∞‡¥û‡µç‡¥û‡µç ‡¥™‡µç‡¥∞‡¥ø‡¥§‡µç‡¥µ‡¥ø‡¥∞‡¥æ‡¥ú‡¥ø‡¥®‡µç‡¥±‡µÜ ‡¥Ö‡¥Æ‡µç‡¥Æ ‡¥Æ‡¥≤‡µç‡¥≤‡¥ø‡¥ïüò≠ | Empuraan Movie Celibrity Review,285859,2864,196,0.0107,22,IN,Unknown,194
2025-03-27,13,aZXBFirj6b4,Avengers: Doomsday | Now in Production,6521238,382870,24804,0.0625,24,US,Unknown,108
2025-03-27,14,4QuOs6EAUNc,Thudarum | Trailer Reaction | Mohanlal | Tharun Moorthy | M Renjith | Malayalam,381068,24371,731,0.0659,24,IN,Unknown,257
2025-03-27,15,fNvmfscOOOw,"Aai, Me ani Gudhi Padwa | Gharcha Karya | @ChitaleGroup | #bhadipa #Gudhipadwa",438762,24143,1893,0.0593,23,IN,Unknown,716
2025-03-27,1,jRf55yunWDA,L2: Empuraan | My Opinion | Mohanlal | Prithviraj Sukumaran | Malayalam,2183974,98267,5753,0.0476,24,IN,Unknown,520
2025-03-27,2,zvfzTyfLi3s,"Meem Se Mohabbat - Episode 29 [CC] 26th Mar 2025 - Sponsored By foodpanda, Master Paints, Skin White",14912548,383673,17828,0.0269,24,PK,Unknown,2029
2025-03-27,3,LkKChCQnjB4,Bazooka - Official Trailer | Mammootty | Gautham Vasudev Menon | Deeno Dennis,4539463,131458,7163,0.0305,1,IN,Unknown,153
2025-03-27,4,VHrXI_9IYnk,Malli Serial | Episode 329 Promo | 27th Mar 25 | Nikitha | Vijay | Saregama TV Shows Tamil,909002,12847,253,0.0144,24,IN,Unknown,56
2025-03-27,5,HZrYlXuecRg,Thudarum - Trailer | Mohanlal | Shobana | Tharun Moorthy | M Renjith,2847430,134763,7018,0.0498,24,IN,Unknown,118
2025-03-27,6,3pCDMXuurVM,Testing India's Most Expensive Luxury Train,4594895,234713,7649,0.0527,23,IN,Unknown,1314
2025-03-27,7,x9jlQ0_K5Zc,"MAD Square - Official Trailer | Narne Nithiin, Sangeeth Shobhan, Ram Nitin | Kalyan Shankar",3593991,129093,1531,0.0363,24,IN,Unknown,124
2025-03-27,8,ZbBVVhkzzGg,L2E EMPURAAN Review | EMPURAAN Theatre Response | Mohanlal | PrithviRaj | L2E | POP Premiere,734488,13841,1935,0.0215,22,IN,Unknown,551
2025-03-27,9,BAk5ZCoTWY8,"SIKANDAR Official Trailer - Salman Khan, Rashmika | Sajid Nadiadwala | A.R. Murugadoss | 30th March",56701377,914640,76230,0.0175,24,IN,Unknown,218
2025-03-27,10,MpVFQGz6e7w,Avengers Doomsday Cast Reveal is Shocking!ü§Ø,466094,31289,1530,0.0704,24,IN,Unknown,821
2025-03-27,11,VZ8MhBeRFFQ,Mohanlal Roasting Me üòÇ - Irfan's View,3938879,177115,8576,0.0471,22,IN,Unknown,933
2025-03-27,12,2dowMdSAtxM,‡¥∏‡¥ø‡¥®‡¥ø‡¥Æ ‡¥ï‡¥£‡µç‡¥ü‡¥ø‡¥±‡¥ô‡µç‡¥ô‡¥ø‡¥Ø‡¥™‡µç‡¥™‡µã‡µæ ‡¥™‡µä‡¥ü‡µç‡¥ü‡¥ø ‡¥ï‡¥∞‡¥û‡µç‡¥û‡µç ‡¥™‡µç‡¥∞‡¥ø‡¥§‡µç‡¥µ‡¥ø‡¥∞‡¥æ‡¥ú‡¥ø‡¥®‡µç‡¥±‡µÜ ‡¥Ö‡¥Æ‡µç‡¥Æ ‡¥Æ‡¥≤‡µç‡¥≤‡¥ø‡¥ïüò≠ | Empuraan Movie Celibrity Review,290743,2867,196,0.0105,22,IN,Unknown,194
2025-03-27,13,aZXBFirj6b4,Avengers: Doomsday | Now in Production,6654183,385686,24979,0.0617,24,US,Unknown,108
2025-03-27,14,4QuOs6EAUNc,Thudarum | Trailer Reaction | Mohanlal | Tharun Moorthy | M Renjith | Malayalam,382865,24386,731,0.0656,24,IN,Unknown,257
2025-03-27,15,fNvmfscOOOw,"Aai, Me ani Gudhi Padwa | Gharcha Karya | @ChitaleGroup | #bhadipa #Gudhipadwa",453004,24386,1908,0.058,23,IN,Unknown,716
